Suite/Test/Step Name,Browser,Description,Start time,End time,Duration,Status
TestSuite_HTEC2_Delete,Chrome 78.0.3904.108,,2019-12-03 04:38:27,2019-12-03 04:39:07,40.341s,PASSED
,,,,,,
Test Cases/TC_Delete_UseCase_records,Chrome 78.0.3904.108,,2019-12-03 04:38:28,2019-12-03 04:39:07,39.555s,PASSED
"data = findTestData(""Excel_TC_list2"")",Chrome 78.0.3904.108,,2019-12-03 04:38:29,2019-12-03 04:38:31,1.510s,PASSED
"openBrowser("""")",Chrome 78.0.3904.108,,2019-12-03 04:38:31,2019-12-03 04:38:39,8.472s,PASSED
"navigateToUrl(""https://qa-sandbox.apps.htec.rs/"")",Chrome 78.0.3904.108,,2019-12-03 04:38:39,2019-12-03 04:38:41,1.208s,PASSED
"click(findTestObject(""Page_Sandbox/a_Login""))",Chrome 78.0.3904.108,,2019-12-03 04:38:41,2019-12-03 04:38:41,0.295s,PASSED
"setText(findTestObject(""Page_Sandbox/input_Log In_email""), ""dragan.stankic@gmail.com"")",Chrome 78.0.3904.108,,2019-12-03 04:38:41,2019-12-03 04:38:41,0.423s,PASSED
"setEncryptedText(findTestObject(""Page_Sandbox/input_Log In_password""), ""7yNAhyZfJovLPv5wBPwDxw=="")",Chrome 78.0.3904.108,,2019-12-03 04:38:41,2019-12-03 04:38:42,0.312s,PASSED
"click(findTestObject(""Page_Sandbox/button_Submit""))",Chrome 78.0.3904.108,,2019-12-03 04:38:42,2019-12-03 04:38:42,0.174s,PASSED
"click(findTestObject(""Page_Sandbox/img_Profile updated_card-img-t""))",Chrome 78.0.3904.108,,2019-12-03 04:38:42,2019-12-03 04:38:43,1.228s,PASSED
for (def index : (data.getRowNumbers()..1)),Chrome 78.0.3904.108,,2019-12-03 04:38:43,2019-12-03 04:39:06,22.492s,PASSED
"waitForElementVisible(findTestObject(""Page_Sandbox/a_Logout""), 10)",Chrome 78.0.3904.108,,2019-12-03 04:39:06,2019-12-03 04:39:06,0.095s,PASSED
"click(findTestObject(""Page_Sandbox/a_Logout""))",Chrome 78.0.3904.108,,2019-12-03 04:39:06,2019-12-03 04:39:06,0.098s,PASSED
closeBrowser(),Chrome 78.0.3904.108,,2019-12-03 04:39:06,2019-12-03 04:39:07,1.364s,PASSED
