Suite/Test/Step Name,Browser,Description,Start time,End time,Duration,Status
TestSuite_HTEC3_Create,Chrome 78.0.3904.108,,2019-12-03 03:55:02,2019-12-03 03:56:27,1m - 25.444s,PASSED
,,,,,,
Test Cases/TC_Create_UseCase_records,Chrome 78.0.3904.108,,2019-12-03 03:55:03,2019-12-03 03:56:27,1m - 24.546s,PASSED
"data = findTestData(""Excel_TC_list2"")",Chrome 78.0.3904.108,,2019-12-03 03:55:05,2019-12-03 03:55:06,1.238s,PASSED
"openBrowser("""")",Chrome 78.0.3904.108,,2019-12-03 03:55:06,2019-12-03 03:55:15,8.655s,PASSED
"navigateToUrl(""https://qa-sandbox.apps.htec.rs/"")",Chrome 78.0.3904.108,,2019-12-03 03:55:15,2019-12-03 03:55:17,2.602s,PASSED
"click(findTestObject(""Page_Sandbox/a_Login""))",Chrome 78.0.3904.108,,2019-12-03 03:55:17,2019-12-03 03:55:18,0.216s,PASSED
"setText(findTestObject(""Page_Sandbox/input_Log In_email""), ""dragan.stankic@gmail.com"")",Chrome 78.0.3904.108,,2019-12-03 03:55:18,2019-12-03 03:55:18,0.382s,PASSED
"setEncryptedText(findTestObject(""Page_Sandbox/input_Log In_password""), ""7yNAhyZfJovLPv5wBPwDxw=="")",Chrome 78.0.3904.108,,2019-12-03 03:55:18,2019-12-03 03:55:18,0.384s,PASSED
"click(findTestObject(""Page_Sandbox/button_Submit""))",Chrome 78.0.3904.108,,2019-12-03 03:55:18,2019-12-03 03:55:19,0.208s,PASSED
"click(findTestObject(""Page_Sandbox/h5_Use Cases""))",Chrome 78.0.3904.108,,2019-12-03 03:55:19,2019-12-03 03:55:21,2.753s,PASSED
for (def index : (0..(data.getRowNumbers() - 1))),Chrome 78.0.3904.108,,2019-12-03 03:55:21,2019-12-03 03:56:26,1m - 4.604s,PASSED
"waitForElementVisible(findTestObject(""Page_Sandbox/a_Logout""), 10)",Chrome 78.0.3904.108,,2019-12-03 03:56:26,2019-12-03 03:56:26,0.061s,PASSED
"click(findTestObject(""Page_Sandbox/a_Logout""))",Chrome 78.0.3904.108,,2019-12-03 03:56:26,2019-12-03 03:56:26,0.116s,PASSED
closeBrowser(),Chrome 78.0.3904.108,,2019-12-03 03:56:26,2019-12-03 03:56:27,1.332s,PASSED
