Suite/Test/Step Name,Browser,Description,Start time,End time,Duration,Status
TestSuite_HTEC2_Delete,Chrome 78.0.3904.108,,2019-12-03 04:19:40,2019-12-03 04:20:29,48.745s,PASSED
,,,,,,
Test Cases/TC_Delete_UseCase_records,Chrome 78.0.3904.108,,2019-12-03 04:19:41,2019-12-03 04:20:29,47.907s,PASSED
"data = findTestData(""Excel_TC_list2"")",Chrome 78.0.3904.108,,2019-12-03 04:19:42,2019-12-03 04:19:44,1.526s,PASSED
"openBrowser("""")",Chrome 78.0.3904.108,,2019-12-03 04:19:44,2019-12-03 04:19:53,9.361s,PASSED
"navigateToUrl(""https://qa-sandbox.apps.htec.rs/"")",Chrome 78.0.3904.108,,2019-12-03 04:19:53,2019-12-03 04:19:56,2.655s,PASSED
"click(findTestObject(""Page_Sandbox/a_Login""))",Chrome 78.0.3904.108,,2019-12-03 04:19:56,2019-12-03 04:19:56,0.465s,PASSED
"setText(findTestObject(""Page_Sandbox/input_Log In_email""), ""dragan.stankic@gmail.com"")",Chrome 78.0.3904.108,,2019-12-03 04:19:56,2019-12-03 04:19:57,0.402s,PASSED
"setEncryptedText(findTestObject(""Page_Sandbox/input_Log In_password""), ""7yNAhyZfJovLPv5wBPwDxw=="")",Chrome 78.0.3904.108,,2019-12-03 04:19:57,2019-12-03 04:19:57,0.306s,PASSED
"click(findTestObject(""Page_Sandbox/button_Submit""))",Chrome 78.0.3904.108,,2019-12-03 04:19:57,2019-12-03 04:19:57,0.118s,PASSED
"click(findTestObject(""Page_Sandbox/img_Profile updated_card-img-t""))",Chrome 78.0.3904.108,,2019-12-03 04:19:57,2019-12-03 04:19:59,2.241s,PASSED
for (def index : (data.getRowNumbers()..1)),Chrome 78.0.3904.108,,2019-12-03 04:19:59,2019-12-03 04:20:27,27.701s,PASSED
"waitForElementVisible(findTestObject(""Page_Sandbox/a_Logout""), 10)",Chrome 78.0.3904.108,,2019-12-03 04:20:27,2019-12-03 04:20:27,0.105s,PASSED
"click(findTestObject(""Page_Sandbox/a_Logout""))",Chrome 78.0.3904.108,,2019-12-03 04:20:27,2019-12-03 04:20:27,0.108s,PASSED
closeBrowser(),Chrome 78.0.3904.108,,2019-12-03 04:20:27,2019-12-03 04:20:29,1.353s,PASSED
