Suite/Test/Step Name,Browser,Description,Start time,End time,Duration,Status
TestSuite_HTEC1,Chrome 78.0.3904.108,,2019-12-03 04:32:13,2019-12-03 04:36:18,4m - 4.679s,PASSED
,,,,,,
Test Cases/TC_Create_UseCase_records,Chrome 78.0.3904.108,,2019-12-03 04:32:14,2019-12-03 04:33:23,1m - 9.459s,PASSED
"data = findTestData(""Excel_TC_list2"")",Chrome 78.0.3904.108,,2019-12-03 04:32:15,2019-12-03 04:32:16,1.515s,PASSED
"openBrowser("""")",Chrome 78.0.3904.108,,2019-12-03 04:32:16,2019-12-03 04:32:23,6.560s,PASSED
"navigateToUrl(""https://qa-sandbox.apps.htec.rs/"")",Chrome 78.0.3904.108,,2019-12-03 04:32:23,2019-12-03 04:32:25,2.013s,PASSED
"click(findTestObject(""Page_Sandbox/a_Login""))",Chrome 78.0.3904.108,,2019-12-03 04:32:25,2019-12-03 04:32:25,0.521s,PASSED
"setText(findTestObject(""Page_Sandbox/input_Log In_email""), ""dragan.stankic@gmail.com"")",Chrome 78.0.3904.108,,2019-12-03 04:32:25,2019-12-03 04:32:26,0.592s,PASSED
"setEncryptedText(findTestObject(""Page_Sandbox/input_Log In_password""), ""7yNAhyZfJovLPv5wBPwDxw=="")",Chrome 78.0.3904.108,,2019-12-03 04:32:26,2019-12-03 04:32:27,0.504s,PASSED
"click(findTestObject(""Page_Sandbox/button_Submit""))",Chrome 78.0.3904.108,,2019-12-03 04:32:27,2019-12-03 04:32:27,0.149s,PASSED
"click(findTestObject(""Page_Sandbox/h5_Use Cases""))",Chrome 78.0.3904.108,,2019-12-03 04:32:27,2019-12-03 04:32:28,1.598s,PASSED
for (def index : (0..(data.getRowNumbers() - 1))),Chrome 78.0.3904.108,,2019-12-03 04:32:28,2019-12-03 04:33:22,53.271s,PASSED
"waitForElementVisible(findTestObject(""Page_Sandbox/a_Logout""), 10)",Chrome 78.0.3904.108,,2019-12-03 04:33:22,2019-12-03 04:33:22,0.046s,PASSED
"click(findTestObject(""Page_Sandbox/a_Logout""))",Chrome 78.0.3904.108,,2019-12-03 04:33:22,2019-12-03 04:33:22,0.140s,PASSED
closeBrowser(),Chrome 78.0.3904.108,,2019-12-03 04:33:22,2019-12-03 04:33:23,1.355s,PASSED
,,,,,,
Test Cases/TC_Edit_UseCase_properties,Chrome 78.0.3904.108,,2019-12-03 04:33:23,2019-12-03 04:34:46,1m - 22.833s,PASSED
"data = findTestData(""Excel_TC_list2"")",Chrome 78.0.3904.108,,2019-12-03 04:33:24,2019-12-03 04:33:24,0.053s,PASSED
"openBrowser("""")",Chrome 78.0.3904.108,,2019-12-03 04:33:24,2019-12-03 04:33:30,5.924s,PASSED
"navigateToUrl(""https://qa-sandbox.apps.htec.rs/"")",Chrome 78.0.3904.108,,2019-12-03 04:33:30,2019-12-03 04:33:32,2.283s,PASSED
"click(findTestObject(""Page_Sandbox/a_Login""))",Chrome 78.0.3904.108,,2019-12-03 04:33:32,2019-12-03 04:33:32,0.168s,PASSED
"setText(findTestObject(""Page_Sandbox/input_Log In_email""), ""dragan.stankic@gmail.com"")",Chrome 78.0.3904.108,,2019-12-03 04:33:32,2019-12-03 04:33:32,0.327s,PASSED
"setEncryptedText(findTestObject(""Page_Sandbox/input_Log In_password""), ""7yNAhyZfJovLPv5wBPwDxw=="")",Chrome 78.0.3904.108,,2019-12-03 04:33:32,2019-12-03 04:33:33,0.147s,PASSED
"click(findTestObject(""Page_Sandbox/button_Submit""))",Chrome 78.0.3904.108,,2019-12-03 04:33:33,2019-12-03 04:33:33,0.116s,PASSED
"click(findTestObject(""Page_Sandbox/img_Profile updated_card-img-t""))",Chrome 78.0.3904.108,,2019-12-03 04:33:33,2019-12-03 04:33:34,1.210s,PASSED
for (def index : (1..data.getRowNumbers())),Chrome 78.0.3904.108,,2019-12-03 04:33:34,2019-12-03 04:34:44,1m - 10.591s,PASSED
"waitForElementVisible(findTestObject(""Page_Sandbox/a_Logout""), 10)",Chrome 78.0.3904.108,,2019-12-03 04:34:44,2019-12-03 04:34:45,0.056s,PASSED
"click(findTestObject(""Page_Sandbox/a_Logout""))",Chrome 78.0.3904.108,,2019-12-03 04:34:45,2019-12-03 04:34:45,0.121s,PASSED
closeBrowser(),Chrome 78.0.3904.108,,2019-12-03 04:34:45,2019-12-03 04:34:46,1.294s,PASSED
,,,,,,
Test Cases/TC_Delete_UseCase_records,Chrome 78.0.3904.108,,2019-12-03 04:34:46,2019-12-03 04:35:17,30.871s,PASSED
"data = findTestData(""Excel_TC_list2"")",Chrome 78.0.3904.108,,2019-12-03 04:34:47,2019-12-03 04:34:47,0.069s,PASSED
"openBrowser("""")",Chrome 78.0.3904.108,,2019-12-03 04:34:47,2019-12-03 04:34:50,3.000s,PASSED
"navigateToUrl(""https://qa-sandbox.apps.htec.rs/"")",Chrome 78.0.3904.108,,2019-12-03 04:34:50,2019-12-03 04:34:52,2.247s,PASSED
"click(findTestObject(""Page_Sandbox/a_Login""))",Chrome 78.0.3904.108,,2019-12-03 04:34:52,2019-12-03 04:34:52,0.130s,PASSED
"setText(findTestObject(""Page_Sandbox/input_Log In_email""), ""dragan.stankic@gmail.com"")",Chrome 78.0.3904.108,,2019-12-03 04:34:52,2019-12-03 04:34:52,0.373s,PASSED
"setEncryptedText(findTestObject(""Page_Sandbox/input_Log In_password""), ""7yNAhyZfJovLPv5wBPwDxw=="")",Chrome 78.0.3904.108,,2019-12-03 04:34:52,2019-12-03 04:34:53,0.182s,PASSED
"click(findTestObject(""Page_Sandbox/button_Submit""))",Chrome 78.0.3904.108,,2019-12-03 04:34:53,2019-12-03 04:34:53,0.112s,PASSED
"click(findTestObject(""Page_Sandbox/img_Profile updated_card-img-t""))",Chrome 78.0.3904.108,,2019-12-03 04:34:53,2019-12-03 04:34:54,1.422s,PASSED
for (def index : (data.getRowNumbers()..1)),Chrome 78.0.3904.108,,2019-12-03 04:34:54,2019-12-03 04:35:15,21.312s,PASSED
"waitForElementVisible(findTestObject(""Page_Sandbox/a_Logout""), 10)",Chrome 78.0.3904.108,,2019-12-03 04:35:15,2019-12-03 04:35:15,0.044s,PASSED
"click(findTestObject(""Page_Sandbox/a_Logout""))",Chrome 78.0.3904.108,,2019-12-03 04:35:15,2019-12-03 04:35:16,0.120s,PASSED
closeBrowser(),Chrome 78.0.3904.108,,2019-12-03 04:35:16,2019-12-03 04:35:17,1.308s,PASSED
,,,,,,
Test Cases/TC_Create_UseCase_records,Chrome 78.0.3904.108,,2019-12-03 04:35:17,2019-12-03 04:36:18,1m - 0.892s,PASSED
"data = findTestData(""Excel_TC_list2"")",Chrome 78.0.3904.108,,2019-12-03 04:35:17,2019-12-03 04:35:17,0.063s,PASSED
"openBrowser("""")",Chrome 78.0.3904.108,,2019-12-03 04:35:17,2019-12-03 04:35:23,6.130s,PASSED
"navigateToUrl(""https://qa-sandbox.apps.htec.rs/"")",Chrome 78.0.3904.108,,2019-12-03 04:35:23,2019-12-03 04:35:24,1.155s,PASSED
"click(findTestObject(""Page_Sandbox/a_Login""))",Chrome 78.0.3904.108,,2019-12-03 04:35:24,2019-12-03 04:35:24,0.184s,PASSED
"setText(findTestObject(""Page_Sandbox/input_Log In_email""), ""dragan.stankic@gmail.com"")",Chrome 78.0.3904.108,,2019-12-03 04:35:24,2019-12-03 04:35:25,0.382s,PASSED
"setEncryptedText(findTestObject(""Page_Sandbox/input_Log In_password""), ""7yNAhyZfJovLPv5wBPwDxw=="")",Chrome 78.0.3904.108,,2019-12-03 04:35:25,2019-12-03 04:35:25,0.155s,PASSED
"click(findTestObject(""Page_Sandbox/button_Submit""))",Chrome 78.0.3904.108,,2019-12-03 04:35:25,2019-12-03 04:35:25,0.104s,PASSED
"click(findTestObject(""Page_Sandbox/h5_Use Cases""))",Chrome 78.0.3904.108,,2019-12-03 04:35:25,2019-12-03 04:35:26,1.178s,PASSED
for (def index : (0..(data.getRowNumbers() - 1))),Chrome 78.0.3904.108,,2019-12-03 04:35:26,2019-12-03 04:36:16,50.087s,PASSED
"waitForElementVisible(findTestObject(""Page_Sandbox/a_Logout""), 10)",Chrome 78.0.3904.108,,2019-12-03 04:36:16,2019-12-03 04:36:16,0.037s,PASSED
"click(findTestObject(""Page_Sandbox/a_Logout""))",Chrome 78.0.3904.108,,2019-12-03 04:36:16,2019-12-03 04:36:16,0.097s,PASSED
closeBrowser(),Chrome 78.0.3904.108,,2019-12-03 04:36:16,2019-12-03 04:36:18,1.293s,PASSED
