Suite/Test/Step Name,Browser,Description,Start time,End time,Duration,Status
TestSuite_HTEC2_Delete,Chrome 78.0.3904.108,,2019-12-03 03:45:15,2019-12-03 03:46:05,50.017s,FAILED
,,,,,,
Test Cases/TC_Delete_UseCase_records,Chrome 78.0.3904.108,,2019-12-03 03:45:15,2019-12-03 03:46:03,47.960s,FAILED
"data = findTestData(""Excel_TC_list2"")",Chrome 78.0.3904.108,,2019-12-03 03:45:16,2019-12-03 03:45:18,1.483s,PASSED
"openBrowser("""")",Chrome 78.0.3904.108,,2019-12-03 03:45:18,2019-12-03 03:45:27,9.509s,PASSED
"navigateToUrl(""https://qa-sandbox.apps.htec.rs/"")",Chrome 78.0.3904.108,,2019-12-03 03:45:27,2019-12-03 03:45:29,2.097s,PASSED
"click(findTestObject(""Page_Sandbox/a_Login""))",Chrome 78.0.3904.108,,2019-12-03 03:45:29,2019-12-03 03:45:30,0.453s,PASSED
"setText(findTestObject(""Page_Sandbox/input_Log In_email""), ""dragan.stankic@gmail.com"")",Chrome 78.0.3904.108,,2019-12-03 03:45:30,2019-12-03 03:45:30,0.353s,PASSED
"setEncryptedText(findTestObject(""Page_Sandbox/input_Log In_password""), ""7yNAhyZfJovLPv5wBPwDxw=="")",Chrome 78.0.3904.108,,2019-12-03 03:45:30,2019-12-03 03:45:30,0.334s,PASSED
"click(findTestObject(""Page_Sandbox/button_Submit""))",Chrome 78.0.3904.108,,2019-12-03 03:45:30,2019-12-03 03:45:31,0.297s,PASSED
"click(findTestObject(""Page_Sandbox/img_Profile updated_card-img-t""))",Chrome 78.0.3904.108,,2019-12-03 03:45:31,2019-12-03 03:45:33,2.020s,PASSED
for (def index : (data.getRowNumbers()..1)),Chrome 78.0.3904.108,,2019-12-03 03:45:33,2019-12-03 03:46:02,29.729s,PASSED
"waitForElementVisible(findTestObject(""Page_Sandbox/a_Logout""), 10)",Chrome 78.0.3904.108,,2019-12-03 03:46:02,2019-12-03 03:46:02,0.081s,PASSED
"click(findTestObject(""Page_Sandbox/a_Logout""))",Chrome 78.0.3904.108,,2019-12-03 03:46:02,2019-12-03 03:46:03,0.555s,FAILED
