Suite/Test/Step Name,Browser,Description,Start time,End time,Duration,Status
TestSuite_HTEC1,Chrome 78.0.3904.108,,2019-12-01 18:55:32,2019-12-01 18:58:10,2m - 37.455s,PASSED
,,,,,,
Test Cases/TC_Create_UseCase_records,Chrome 78.0.3904.108,,2019-12-01 18:55:33,2019-12-01 18:56:07,34.452s,PASSED
"data = findTestData(""Excel_TC_list2"")",Chrome 78.0.3904.108,,2019-12-01 18:55:34,2019-12-01 18:55:36,1.506s,PASSED
"openBrowser("""")",Chrome 78.0.3904.108,,2019-12-01 18:55:36,2019-12-01 18:55:42,6.499s,PASSED
"navigateToUrl(""https://qa-sandbox.apps.htec.rs/"")",Chrome 78.0.3904.108,,2019-12-01 18:55:42,2019-12-01 18:55:44,1.160s,PASSED
"click(findTestObject(""Page_Sandbox/a_Login""))",Chrome 78.0.3904.108,,2019-12-01 18:55:44,2019-12-01 18:55:44,0.559s,PASSED
"setText(findTestObject(""Page_Sandbox/input_Log In_email""), ""dragan.stankic@gmail.com"")",Chrome 78.0.3904.108,,2019-12-01 18:55:44,2019-12-01 18:55:45,0.607s,PASSED
"setEncryptedText(findTestObject(""Page_Sandbox/input_Log In_password""), ""7yNAhyZfJovLPv5wBPwDxw=="")",Chrome 78.0.3904.108,,2019-12-01 18:55:45,2019-12-01 18:55:45,0.438s,PASSED
"click(findTestObject(""Page_Sandbox/button_Submit""))",Chrome 78.0.3904.108,,2019-12-01 18:55:45,2019-12-01 18:55:45,0.194s,PASSED
"click(findTestObject(""Page_Sandbox/h5_Use Cases""))",Chrome 78.0.3904.108,,2019-12-01 18:55:45,2019-12-01 18:55:47,1.412s,PASSED
for (def index : (0..(data.getRowNumbers() - 1))),Chrome 78.0.3904.108,,2019-12-01 18:55:47,2019-12-01 18:56:06,18.969s,PASSED
"waitForElementVisible(findTestObject(""Page_Sandbox/a_Logout""), 10)",Chrome 78.0.3904.108,,2019-12-01 18:56:06,2019-12-01 18:56:06,0.052s,PASSED
"click(findTestObject(""Page_Sandbox/a_Logout""))",Chrome 78.0.3904.108,,2019-12-01 18:56:06,2019-12-01 18:56:06,0.111s,PASSED
closeBrowser(),Chrome 78.0.3904.108,,2019-12-01 18:56:06,2019-12-01 18:56:07,1.491s,PASSED
,,,,,,
Test Cases/TC_Delete_UseCase_records,Chrome 78.0.3904.108,,2019-12-01 18:56:07,2019-12-01 18:56:25,17.415s,PASSED
"data = findTestData(""Excel_TC_list2"")",Chrome 78.0.3904.108,,2019-12-01 18:56:08,2019-12-01 18:56:08,0.106s,PASSED
"openBrowser("""")",Chrome 78.0.3904.108,,2019-12-01 18:56:08,2019-12-01 18:56:12,3.063s,PASSED
"navigateToUrl(""https://qa-sandbox.apps.htec.rs/"")",Chrome 78.0.3904.108,,2019-12-01 18:56:12,2019-12-01 18:56:13,1.058s,PASSED
"click(findTestObject(""Page_Sandbox/a_Login""))",Chrome 78.0.3904.108,,2019-12-01 18:56:13,2019-12-01 18:56:13,0.494s,PASSED
"setText(findTestObject(""Page_Sandbox/input_Log In_email""), ""dragan.stankic@gmail.com"")",Chrome 78.0.3904.108,,2019-12-01 18:56:13,2019-12-01 18:56:13,0.338s,PASSED
"setEncryptedText(findTestObject(""Page_Sandbox/input_Log In_password""), ""7yNAhyZfJovLPv5wBPwDxw=="")",Chrome 78.0.3904.108,,2019-12-01 18:56:13,2019-12-01 18:56:14,0.174s,PASSED
"click(findTestObject(""Page_Sandbox/button_Submit""))",Chrome 78.0.3904.108,,2019-12-01 18:56:14,2019-12-01 18:56:14,0.121s,PASSED
"click(findTestObject(""Page_Sandbox/img_Profile updated_card-img-t""))",Chrome 78.0.3904.108,,2019-12-01 18:56:14,2019-12-01 18:56:15,1.240s,PASSED
for (def index : (data.getRowNumbers()..1)),Chrome 78.0.3904.108,,2019-12-01 18:56:15,2019-12-01 18:56:23,8.176s,PASSED
"waitForElementVisible(findTestObject(""Page_Sandbox/a_Logout""), 10)",Chrome 78.0.3904.108,,2019-12-01 18:56:23,2019-12-01 18:56:23,0.081s,PASSED
"click(findTestObject(""Page_Sandbox/a_Logout""))",Chrome 78.0.3904.108,,2019-12-01 18:56:23,2019-12-01 18:56:23,0.147s,PASSED
closeBrowser(),Chrome 78.0.3904.108,,2019-12-01 18:56:23,2019-12-01 18:56:25,1.470s,PASSED
,,,,,,
Test Cases/TC_Create_UseCase_records,Chrome 78.0.3904.108,,2019-12-01 18:56:25,2019-12-01 18:56:54,29.007s,PASSED
"data = findTestData(""Excel_TC_list2"")",Chrome 78.0.3904.108,,2019-12-01 18:56:25,2019-12-01 18:56:25,0.098s,PASSED
"openBrowser("""")",Chrome 78.0.3904.108,,2019-12-01 18:56:25,2019-12-01 18:56:31,6.015s,PASSED
"navigateToUrl(""https://qa-sandbox.apps.htec.rs/"")",Chrome 78.0.3904.108,,2019-12-01 18:56:31,2019-12-01 18:56:32,1.300s,PASSED
"click(findTestObject(""Page_Sandbox/a_Login""))",Chrome 78.0.3904.108,,2019-12-01 18:56:32,2019-12-01 18:56:33,0.232s,PASSED
"setText(findTestObject(""Page_Sandbox/input_Log In_email""), ""dragan.stankic@gmail.com"")",Chrome 78.0.3904.108,,2019-12-01 18:56:33,2019-12-01 18:56:33,0.431s,PASSED
"setEncryptedText(findTestObject(""Page_Sandbox/input_Log In_password""), ""7yNAhyZfJovLPv5wBPwDxw=="")",Chrome 78.0.3904.108,,2019-12-01 18:56:33,2019-12-01 18:56:33,0.201s,PASSED
"click(findTestObject(""Page_Sandbox/button_Submit""))",Chrome 78.0.3904.108,,2019-12-01 18:56:33,2019-12-01 18:56:33,0.166s,PASSED
"click(findTestObject(""Page_Sandbox/h5_Use Cases""))",Chrome 78.0.3904.108,,2019-12-01 18:56:33,2019-12-01 18:56:35,1.172s,PASSED
for (def index : (0..(data.getRowNumbers() - 1))),Chrome 78.0.3904.108,,2019-12-01 18:56:35,2019-12-01 18:56:52,17.713s,PASSED
"waitForElementVisible(findTestObject(""Page_Sandbox/a_Logout""), 10)",Chrome 78.0.3904.108,,2019-12-01 18:56:52,2019-12-01 18:56:52,0.071s,PASSED
"click(findTestObject(""Page_Sandbox/a_Logout""))",Chrome 78.0.3904.108,,2019-12-01 18:56:52,2019-12-01 18:56:52,0.094s,PASSED
closeBrowser(),Chrome 78.0.3904.108,,2019-12-01 18:56:52,2019-12-01 18:56:54,1.458s,PASSED
,,,,,,
Test Cases/TC_Edit_UseCase_properties,Chrome 78.0.3904.108,,2019-12-01 18:56:54,2019-12-01 18:57:28,33.634s,PASSED
"data = findTestData(""Excel_TC_list2"")",Chrome 78.0.3904.108,,2019-12-01 18:56:55,2019-12-01 18:56:55,0.059s,PASSED
"openBrowser("""")",Chrome 78.0.3904.108,,2019-12-01 18:56:55,2019-12-01 18:56:58,3.025s,PASSED
"navigateToUrl(""https://qa-sandbox.apps.htec.rs/"")",Chrome 78.0.3904.108,,2019-12-01 18:56:58,2019-12-01 18:56:59,1.139s,PASSED
"click(findTestObject(""Page_Sandbox/a_Login""))",Chrome 78.0.3904.108,,2019-12-01 18:56:59,2019-12-01 18:56:59,0.182s,PASSED
"setText(findTestObject(""Page_Sandbox/input_Log In_email""), ""dragan.stankic@gmail.com"")",Chrome 78.0.3904.108,,2019-12-01 18:56:59,2019-12-01 18:56:59,0.383s,PASSED
"setEncryptedText(findTestObject(""Page_Sandbox/input_Log In_password""), ""7yNAhyZfJovLPv5wBPwDxw=="")",Chrome 78.0.3904.108,,2019-12-01 18:56:59,2019-12-01 18:57:00,0.184s,PASSED
"click(findTestObject(""Page_Sandbox/button_Submit""))",Chrome 78.0.3904.108,,2019-12-01 18:57:00,2019-12-01 18:57:00,0.111s,PASSED
"click(findTestObject(""Page_Sandbox/img_Profile updated_card-img-t""))",Chrome 78.0.3904.108,,2019-12-01 18:57:00,2019-12-01 18:57:01,1.170s,PASSED
for (def index : (1..data.getRowNumbers())),Chrome 78.0.3904.108,,2019-12-01 18:57:01,2019-12-01 18:57:26,25.089s,PASSED
"waitForElementVisible(findTestObject(""Page_Sandbox/a_Logout""), 10)",Chrome 78.0.3904.108,,2019-12-01 18:57:26,2019-12-01 18:57:26,0.105s,PASSED
"click(findTestObject(""Page_Sandbox/a_Logout""))",Chrome 78.0.3904.108,,2019-12-01 18:57:26,2019-12-01 18:57:26,0.167s,PASSED
closeBrowser(),Chrome 78.0.3904.108,,2019-12-01 18:57:26,2019-12-01 18:57:28,1.293s,PASSED
,,,,,,
Test Cases/TC_Delete_UseCase_records,Chrome 78.0.3904.108,,2019-12-01 18:57:28,2019-12-01 18:57:44,16.433s,PASSED
"data = findTestData(""Excel_TC_list2"")",Chrome 78.0.3904.108,,2019-12-01 18:57:28,2019-12-01 18:57:28,0.098s,PASSED
"openBrowser("""")",Chrome 78.0.3904.108,,2019-12-01 18:57:28,2019-12-01 18:57:31,3.142s,PASSED
"navigateToUrl(""https://qa-sandbox.apps.htec.rs/"")",Chrome 78.0.3904.108,,2019-12-01 18:57:31,2019-12-01 18:57:32,1.203s,PASSED
"click(findTestObject(""Page_Sandbox/a_Login""))",Chrome 78.0.3904.108,,2019-12-01 18:57:32,2019-12-01 18:57:32,0.252s,PASSED
"setText(findTestObject(""Page_Sandbox/input_Log In_email""), ""dragan.stankic@gmail.com"")",Chrome 78.0.3904.108,,2019-12-01 18:57:32,2019-12-01 18:57:33,0.385s,PASSED
"setEncryptedText(findTestObject(""Page_Sandbox/input_Log In_password""), ""7yNAhyZfJovLPv5wBPwDxw=="")",Chrome 78.0.3904.108,,2019-12-01 18:57:33,2019-12-01 18:57:33,0.238s,PASSED
"click(findTestObject(""Page_Sandbox/button_Submit""))",Chrome 78.0.3904.108,,2019-12-01 18:57:33,2019-12-01 18:57:33,0.144s,PASSED
"click(findTestObject(""Page_Sandbox/img_Profile updated_card-img-t""))",Chrome 78.0.3904.108,,2019-12-01 18:57:33,2019-12-01 18:57:34,1.228s,PASSED
for (def index : (data.getRowNumbers()..1)),Chrome 78.0.3904.108,,2019-12-01 18:57:34,2019-12-01 18:57:42,8.170s,PASSED
"waitForElementVisible(findTestObject(""Page_Sandbox/a_Logout""), 10)",Chrome 78.0.3904.108,,2019-12-01 18:57:42,2019-12-01 18:57:42,0.055s,PASSED
"click(findTestObject(""Page_Sandbox/a_Logout""))",Chrome 78.0.3904.108,,2019-12-01 18:57:42,2019-12-01 18:57:43,0.154s,PASSED
closeBrowser(),Chrome 78.0.3904.108,,2019-12-01 18:57:43,2019-12-01 18:57:44,1.324s,PASSED
,,,,,,
Test Cases/TC_Create_UseCase_records,Chrome 78.0.3904.108,,2019-12-01 18:57:44,2019-12-01 18:58:10,25.681s,PASSED
"data = findTestData(""Excel_TC_list2"")",Chrome 78.0.3904.108,,2019-12-01 18:57:44,2019-12-01 18:57:44,0.094s,PASSED
"openBrowser("""")",Chrome 78.0.3904.108,,2019-12-01 18:57:44,2019-12-01 18:57:47,3.058s,PASSED
"navigateToUrl(""https://qa-sandbox.apps.htec.rs/"")",Chrome 78.0.3904.108,,2019-12-01 18:57:47,2019-12-01 18:57:48,1.194s,PASSED
"click(findTestObject(""Page_Sandbox/a_Login""))",Chrome 78.0.3904.108,,2019-12-01 18:57:48,2019-12-01 18:57:49,0.222s,PASSED
"setText(findTestObject(""Page_Sandbox/input_Log In_email""), ""dragan.stankic@gmail.com"")",Chrome 78.0.3904.108,,2019-12-01 18:57:49,2019-12-01 18:57:49,0.400s,PASSED
"setEncryptedText(findTestObject(""Page_Sandbox/input_Log In_password""), ""7yNAhyZfJovLPv5wBPwDxw=="")",Chrome 78.0.3904.108,,2019-12-01 18:57:49,2019-12-01 18:57:49,0.197s,PASSED
"click(findTestObject(""Page_Sandbox/button_Submit""))",Chrome 78.0.3904.108,,2019-12-01 18:57:49,2019-12-01 18:57:49,0.121s,PASSED
"click(findTestObject(""Page_Sandbox/h5_Use Cases""))",Chrome 78.0.3904.108,,2019-12-01 18:57:49,2019-12-01 18:57:51,1.210s,PASSED
for (def index : (0..(data.getRowNumbers() - 1))),Chrome 78.0.3904.108,,2019-12-01 18:57:51,2019-12-01 18:58:08,17.491s,PASSED
"waitForElementVisible(findTestObject(""Page_Sandbox/a_Logout""), 10)",Chrome 78.0.3904.108,,2019-12-01 18:58:08,2019-12-01 18:58:08,0.056s,PASSED
"click(findTestObject(""Page_Sandbox/a_Logout""))",Chrome 78.0.3904.108,,2019-12-01 18:58:08,2019-12-01 18:58:08,0.143s,PASSED
closeBrowser(),Chrome 78.0.3904.108,,2019-12-01 18:58:08,2019-12-01 18:58:10,1.450s,PASSED
