Suite/Test/Step Name,Browser,Description,Start time,End time,Duration,Status
TestSuite_HTEC4_Edit,Chrome 78.0.3904.108,,2019-12-03 03:58:34,2019-12-03 04:00:03,1m - 29.418s,PASSED
,,,,,,
Test Cases/TC_Edit_UseCase_properties,Chrome 78.0.3904.108,,2019-12-03 03:58:34,2019-12-03 04:00:03,1m - 28.722s,PASSED
"data = findTestData(""Excel_TC_list2"")",Chrome 78.0.3904.108,,2019-12-03 03:58:36,2019-12-03 03:58:37,1.337s,PASSED
"openBrowser("""")",Chrome 78.0.3904.108,,2019-12-03 03:58:37,2019-12-03 03:58:45,8.489s,PASSED
"navigateToUrl(""https://qa-sandbox.apps.htec.rs/"")",Chrome 78.0.3904.108,,2019-12-03 03:58:45,2019-12-03 03:58:48,2.425s,PASSED
"click(findTestObject(""Page_Sandbox/a_Login""))",Chrome 78.0.3904.108,,2019-12-03 03:58:48,2019-12-03 03:58:48,0.349s,PASSED
"setText(findTestObject(""Page_Sandbox/input_Log In_email""), ""dragan.stankic@gmail.com"")",Chrome 78.0.3904.108,,2019-12-03 03:58:48,2019-12-03 03:58:49,0.340s,PASSED
"setEncryptedText(findTestObject(""Page_Sandbox/input_Log In_password""), ""7yNAhyZfJovLPv5wBPwDxw=="")",Chrome 78.0.3904.108,,2019-12-03 03:58:49,2019-12-03 03:58:49,0.343s,PASSED
"click(findTestObject(""Page_Sandbox/button_Submit""))",Chrome 78.0.3904.108,,2019-12-03 03:58:49,2019-12-03 03:58:49,0.109s,PASSED
"click(findTestObject(""Page_Sandbox/img_Profile updated_card-img-t""))",Chrome 78.0.3904.108,,2019-12-03 03:58:49,2019-12-03 03:58:50,1.355s,PASSED
for (def index : (1..data.getRowNumbers())),Chrome 78.0.3904.108,,2019-12-03 03:58:50,2019-12-03 04:00:01,1m - 10.895s,PASSED
"waitForElementVisible(findTestObject(""Page_Sandbox/a_Logout""), 10)",Chrome 78.0.3904.108,,2019-12-03 04:00:01,2019-12-03 04:00:01,0.096s,PASSED
"click(findTestObject(""Page_Sandbox/a_Logout""))",Chrome 78.0.3904.108,,2019-12-03 04:00:01,2019-12-03 04:00:02,0.141s,PASSED
closeBrowser(),Chrome 78.0.3904.108,,2019-12-03 04:00:02,2019-12-03 04:00:03,1.385s,PASSED
