Suite/Test/Step Name,Browser,Description,Start time,End time,Duration,Status
TestSuite_HTEC1,Chrome 78.0.3904.108,,2019-12-02 17:06:28,2019-12-02 17:12:12,5m - 43.321s,PASSED
,,,,,,
Test Cases/TC_Create_UseCase_records,Chrome 78.0.3904.108,,2019-12-02 17:06:29,2019-12-02 17:07:47,1m - 17.969s,PASSED
"data = findTestData(""Excel_TC_list2"")",Chrome 78.0.3904.108,,2019-12-02 17:06:31,2019-12-02 17:06:32,1.213s,PASSED
"openBrowser("""")",Chrome 78.0.3904.108,,2019-12-02 17:06:32,2019-12-02 17:06:48,16.223s,PASSED
"navigateToUrl(""https://qa-sandbox.apps.htec.rs/"")",Chrome 78.0.3904.108,,2019-12-02 17:06:48,2019-12-02 17:06:50,1.633s,PASSED
"click(findTestObject(""Page_Sandbox/a_Login""))",Chrome 78.0.3904.108,,2019-12-02 17:06:50,2019-12-02 17:06:50,0.268s,PASSED
"setText(findTestObject(""Page_Sandbox/input_Log In_email""), ""dragan.stankic@gmail.com"")",Chrome 78.0.3904.108,,2019-12-02 17:06:50,2019-12-02 17:06:51,0.500s,PASSED
"setEncryptedText(findTestObject(""Page_Sandbox/input_Log In_password""), ""7yNAhyZfJovLPv5wBPwDxw=="")",Chrome 78.0.3904.108,,2019-12-02 17:06:51,2019-12-02 17:06:51,0.507s,PASSED
"click(findTestObject(""Page_Sandbox/button_Submit""))",Chrome 78.0.3904.108,,2019-12-02 17:06:51,2019-12-02 17:06:51,0.171s,PASSED
"click(findTestObject(""Page_Sandbox/h5_Use Cases""))",Chrome 78.0.3904.108,,2019-12-02 17:06:51,2019-12-02 17:06:53,1.614s,PASSED
for (def index : (0..(data.getRowNumbers() - 1))),Chrome 78.0.3904.108,,2019-12-02 17:06:53,2019-12-02 17:07:46,52.801s,PASSED
"waitForElementVisible(findTestObject(""Page_Sandbox/a_Logout""), 10)",Chrome 78.0.3904.108,,2019-12-02 17:07:46,2019-12-02 17:07:46,0.050s,PASSED
"click(findTestObject(""Page_Sandbox/a_Logout""))",Chrome 78.0.3904.108,,2019-12-02 17:07:46,2019-12-02 17:07:46,0.110s,PASSED
closeBrowser(),Chrome 78.0.3904.108,,2019-12-02 17:07:46,2019-12-02 17:07:47,1.342s,PASSED
,,,,,,
Test Cases/TC_Delete_UseCase_records,Chrome 78.0.3904.108,,2019-12-02 17:07:47,2019-12-02 17:08:17,29.676s,PASSED
"data = findTestData(""Excel_TC_list2"")",Chrome 78.0.3904.108,,2019-12-02 17:07:48,2019-12-02 17:07:48,0.067s,PASSED
"openBrowser("""")",Chrome 78.0.3904.108,,2019-12-02 17:07:48,2019-12-02 17:07:51,2.921s,PASSED
"navigateToUrl(""https://qa-sandbox.apps.htec.rs/"")",Chrome 78.0.3904.108,,2019-12-02 17:07:51,2019-12-02 17:07:52,1.645s,PASSED
"click(findTestObject(""Page_Sandbox/a_Login""))",Chrome 78.0.3904.108,,2019-12-02 17:07:52,2019-12-02 17:07:53,0.399s,PASSED
"setText(findTestObject(""Page_Sandbox/input_Log In_email""), ""dragan.stankic@gmail.com"")",Chrome 78.0.3904.108,,2019-12-02 17:07:53,2019-12-02 17:07:53,0.261s,PASSED
"setEncryptedText(findTestObject(""Page_Sandbox/input_Log In_password""), ""7yNAhyZfJovLPv5wBPwDxw=="")",Chrome 78.0.3904.108,,2019-12-02 17:07:53,2019-12-02 17:07:53,0.162s,PASSED
"click(findTestObject(""Page_Sandbox/button_Submit""))",Chrome 78.0.3904.108,,2019-12-02 17:07:53,2019-12-02 17:07:53,0.117s,PASSED
"click(findTestObject(""Page_Sandbox/img_Profile updated_card-img-t""))",Chrome 78.0.3904.108,,2019-12-02 17:07:53,2019-12-02 17:07:55,1.322s,PASSED
for (def index : (data.getRowNumbers()..1)),Chrome 78.0.3904.108,,2019-12-02 17:07:55,2019-12-02 17:08:15,20.759s,PASSED
"waitForElementVisible(findTestObject(""Page_Sandbox/a_Logout""), 10)",Chrome 78.0.3904.108,,2019-12-02 17:08:15,2019-12-02 17:08:16,0.046s,PASSED
"click(findTestObject(""Page_Sandbox/a_Logout""))",Chrome 78.0.3904.108,,2019-12-02 17:08:16,2019-12-02 17:08:16,0.133s,PASSED
closeBrowser(),Chrome 78.0.3904.108,,2019-12-02 17:08:16,2019-12-02 17:08:17,1.286s,PASSED
,,,,,,
Test Cases/TC_Create_UseCase_records,Chrome 78.0.3904.108,,2019-12-02 17:08:17,2019-12-02 17:09:16,59.210s,PASSED
"data = findTestData(""Excel_TC_list2"")",Chrome 78.0.3904.108,,2019-12-02 17:08:17,2019-12-02 17:08:17,0.073s,PASSED
"openBrowser("""")",Chrome 78.0.3904.108,,2019-12-02 17:08:17,2019-12-02 17:08:20,3.046s,PASSED
"navigateToUrl(""https://qa-sandbox.apps.htec.rs/"")",Chrome 78.0.3904.108,,2019-12-02 17:08:20,2019-12-02 17:08:21,1.329s,PASSED
"click(findTestObject(""Page_Sandbox/a_Login""))",Chrome 78.0.3904.108,,2019-12-02 17:08:21,2019-12-02 17:08:22,0.141s,PASSED
"setText(findTestObject(""Page_Sandbox/input_Log In_email""), ""dragan.stankic@gmail.com"")",Chrome 78.0.3904.108,,2019-12-02 17:08:22,2019-12-02 17:08:22,0.298s,PASSED
"setEncryptedText(findTestObject(""Page_Sandbox/input_Log In_password""), ""7yNAhyZfJovLPv5wBPwDxw=="")",Chrome 78.0.3904.108,,2019-12-02 17:08:22,2019-12-02 17:08:22,0.133s,PASSED
"click(findTestObject(""Page_Sandbox/button_Submit""))",Chrome 78.0.3904.108,,2019-12-02 17:08:22,2019-12-02 17:08:22,0.094s,PASSED
"click(findTestObject(""Page_Sandbox/h5_Use Cases""))",Chrome 78.0.3904.108,,2019-12-02 17:08:22,2019-12-02 17:08:23,1.177s,PASSED
for (def index : (0..(data.getRowNumbers() - 1))),Chrome 78.0.3904.108,,2019-12-02 17:08:23,2019-12-02 17:09:15,51.411s,PASSED
"waitForElementVisible(findTestObject(""Page_Sandbox/a_Logout""), 10)",Chrome 78.0.3904.108,,2019-12-02 17:09:15,2019-12-02 17:09:15,0.060s,PASSED
"click(findTestObject(""Page_Sandbox/a_Logout""))",Chrome 78.0.3904.108,,2019-12-02 17:09:15,2019-12-02 17:09:15,0.114s,PASSED
closeBrowser(),Chrome 78.0.3904.108,,2019-12-02 17:09:15,2019-12-02 17:09:16,1.298s,PASSED
,,,,,,
Test Cases/TC_Edit_UseCase_properties,Chrome 78.0.3904.108,,2019-12-02 17:09:16,2019-12-02 17:10:42,1m - 26.307s,PASSED
"data = findTestData(""Excel_TC_list2"")",Chrome 78.0.3904.108,,2019-12-02 17:09:17,2019-12-02 17:09:17,0.051s,PASSED
"openBrowser("""")",Chrome 78.0.3904.108,,2019-12-02 17:09:17,2019-12-02 17:09:23,5.889s,PASSED
"navigateToUrl(""https://qa-sandbox.apps.htec.rs/"")",Chrome 78.0.3904.108,,2019-12-02 17:09:23,2019-12-02 17:09:24,1.142s,PASSED
"click(findTestObject(""Page_Sandbox/a_Login""))",Chrome 78.0.3904.108,,2019-12-02 17:09:24,2019-12-02 17:09:24,0.143s,PASSED
"setText(findTestObject(""Page_Sandbox/input_Log In_email""), ""dragan.stankic@gmail.com"")",Chrome 78.0.3904.108,,2019-12-02 17:09:24,2019-12-02 17:09:24,0.343s,PASSED
"setEncryptedText(findTestObject(""Page_Sandbox/input_Log In_password""), ""7yNAhyZfJovLPv5wBPwDxw=="")",Chrome 78.0.3904.108,,2019-12-02 17:09:24,2019-12-02 17:09:24,0.187s,PASSED
"click(findTestObject(""Page_Sandbox/button_Submit""))",Chrome 78.0.3904.108,,2019-12-02 17:09:24,2019-12-02 17:09:24,0.098s,PASSED
"click(findTestObject(""Page_Sandbox/img_Profile updated_card-img-t""))",Chrome 78.0.3904.108,,2019-12-02 17:09:24,2019-12-02 17:09:26,1.192s,PASSED
for (def index : (1..data.getRowNumbers())),Chrome 78.0.3904.108,,2019-12-02 17:09:26,2019-12-02 17:10:42,1m - 15.956s,PASSED
"waitForElementVisible(findTestObject(""Page_Sandbox/a_Logout""), 10)",Chrome 78.0.3904.108,,2019-12-02 17:10:42,2019-12-02 17:10:42,0.044s,PASSED
"click(findTestObject(""Page_Sandbox/a_Logout""))",Chrome 78.0.3904.108,,2019-12-02 17:10:42,2019-12-02 17:10:42,0.087s,PASSED
closeBrowser(),Chrome 78.0.3904.108,,2019-12-02 17:10:42,2019-12-02 17:10:42,0.690s,PASSED
,,,,,,
Test Cases/TC_Delete_UseCase_records,Chrome 78.0.3904.108,,2019-12-02 17:10:42,2019-12-02 17:11:15,32.065s,PASSED
"data = findTestData(""Excel_TC_list2"")",Chrome 78.0.3904.108,,2019-12-02 17:10:43,2019-12-02 17:10:43,0.061s,PASSED
"openBrowser("""")",Chrome 78.0.3904.108,,2019-12-02 17:10:43,2019-12-02 17:10:49,5.966s,PASSED
"navigateToUrl(""https://qa-sandbox.apps.htec.rs/"")",Chrome 78.0.3904.108,,2019-12-02 17:10:49,2019-12-02 17:10:50,1.292s,PASSED
"click(findTestObject(""Page_Sandbox/a_Login""))",Chrome 78.0.3904.108,,2019-12-02 17:10:50,2019-12-02 17:10:50,0.345s,PASSED
"setText(findTestObject(""Page_Sandbox/input_Log In_email""), ""dragan.stankic@gmail.com"")",Chrome 78.0.3904.108,,2019-12-02 17:10:50,2019-12-02 17:10:51,0.335s,PASSED
"setEncryptedText(findTestObject(""Page_Sandbox/input_Log In_password""), ""7yNAhyZfJovLPv5wBPwDxw=="")",Chrome 78.0.3904.108,,2019-12-02 17:10:51,2019-12-02 17:10:51,0.137s,PASSED
"click(findTestObject(""Page_Sandbox/button_Submit""))",Chrome 78.0.3904.108,,2019-12-02 17:10:51,2019-12-02 17:10:51,0.084s,PASSED
"click(findTestObject(""Page_Sandbox/img_Profile updated_card-img-t""))",Chrome 78.0.3904.108,,2019-12-02 17:10:51,2019-12-02 17:10:52,1.692s,PASSED
for (def index : (data.getRowNumbers()..1)),Chrome 78.0.3904.108,,2019-12-02 17:10:52,2019-12-02 17:11:13,20.681s,PASSED
"waitForElementVisible(findTestObject(""Page_Sandbox/a_Logout""), 10)",Chrome 78.0.3904.108,,2019-12-02 17:11:13,2019-12-02 17:11:13,0.035s,PASSED
"click(findTestObject(""Page_Sandbox/a_Logout""))",Chrome 78.0.3904.108,,2019-12-02 17:11:13,2019-12-02 17:11:13,0.106s,PASSED
closeBrowser(),Chrome 78.0.3904.108,,2019-12-02 17:11:13,2019-12-02 17:11:15,1.289s,PASSED
,,,,,,
Test Cases/TC_Create_UseCase_records,Chrome 78.0.3904.108,,2019-12-02 17:11:15,2019-12-02 17:12:12,57.134s,PASSED
"data = findTestData(""Excel_TC_list2"")",Chrome 78.0.3904.108,,2019-12-02 17:11:15,2019-12-02 17:11:15,0.051s,PASSED
"openBrowser("""")",Chrome 78.0.3904.108,,2019-12-02 17:11:15,2019-12-02 17:11:18,2.898s,PASSED
"navigateToUrl(""https://qa-sandbox.apps.htec.rs/"")",Chrome 78.0.3904.108,,2019-12-02 17:11:18,2019-12-02 17:11:19,1.225s,PASSED
"click(findTestObject(""Page_Sandbox/a_Login""))",Chrome 78.0.3904.108,,2019-12-02 17:11:19,2019-12-02 17:11:19,0.121s,PASSED
"setText(findTestObject(""Page_Sandbox/input_Log In_email""), ""dragan.stankic@gmail.com"")",Chrome 78.0.3904.108,,2019-12-02 17:11:19,2019-12-02 17:11:19,0.309s,PASSED
"setEncryptedText(findTestObject(""Page_Sandbox/input_Log In_password""), ""7yNAhyZfJovLPv5wBPwDxw=="")",Chrome 78.0.3904.108,,2019-12-02 17:11:19,2019-12-02 17:11:20,0.361s,PASSED
"click(findTestObject(""Page_Sandbox/button_Submit""))",Chrome 78.0.3904.108,,2019-12-02 17:11:20,2019-12-02 17:11:20,0.099s,PASSED
"click(findTestObject(""Page_Sandbox/h5_Use Cases""))",Chrome 78.0.3904.108,,2019-12-02 17:11:20,2019-12-02 17:11:21,1.165s,PASSED
for (def index : (0..(data.getRowNumbers() - 1))),Chrome 78.0.3904.108,,2019-12-02 17:11:21,2019-12-02 17:12:10,49.482s,PASSED
"waitForElementVisible(findTestObject(""Page_Sandbox/a_Logout""), 10)",Chrome 78.0.3904.108,,2019-12-02 17:12:10,2019-12-02 17:12:10,0.037s,PASSED
"click(findTestObject(""Page_Sandbox/a_Logout""))",Chrome 78.0.3904.108,,2019-12-02 17:12:10,2019-12-02 17:12:10,0.115s,PASSED
closeBrowser(),Chrome 78.0.3904.108,,2019-12-02 17:12:10,2019-12-02 17:12:12,1.240s,PASSED
